Prompt ID,Prompt Content,Result,Date
Raw_Data,"You are a professional business research assistant specializing in U.S. precision manufacturing and mold-making companies.

I will provide a list of company HOME PAGE URLs.  
For each, generate Raw Text Data in the exact format below — detailed, complete, and professionally written.  
STRICTLY follow the Phone Number Rules and Validation Checks.

---

Output Format (plain text only)
Row X  
<Company URL>  

<Domain>  
<Official Company Name>  
<Street Address>  
<City, State ZIP>  
Phone: (xxx) xxx-xxxx[ ext xxxx]  

Company: <Official Company Name>  

About:  
- 2–5 concise bullets summarizing what is known about the company — include founding year (if available), headquarters location, key specialties, materials, technologies, certifications (ISO 9001, AS9100, ITAR, etc.), and ownership structure (family-owned, privately held, subsidiary, etc.).  
- Include context about what the company manufactures or specializes in.  
- Use only data from the company’s own website or a verifiable same-entity public listing (same name, same city/state).  
- Never mix information from different companies or unrelated states.

Services:  
- 4–10 bullet points describing core capabilities, processes, or machinery referenced on the site (e.g., injection mold building, design and engineering, EDM machining, tryout molding, validation, repair, etc.).  
- Include references to specific processes, but do not copy marketing slogans or filler phrases.

Industries:  
- 3–6 bullet points summarizing the industries served (e.g., Medical, Pharmaceutical, Automotive, Aerospace, Packaging, Consumer, Industrial, Electronics).

Square footage (facility):  
- ONE line only after this label, no bullets.  
- Always try to output a numeric facility size, combining all credible datapoints from site and public sources.  
- The value MUST always include at least one parenthetical source or explanation — never a bare number.  
  - If listed on site:  
    Square footage (facility): 50,000 ft² (site)  
  - Site + public:  
    Square footage (facility): 50,000 ft² (site); ~60,000 ft² (public: Buzzfile 2024)  
  - Public only:  
    Square footage (facility): ~40,000 ft² (public: BF 2024)  
  - If approximate / inferred:  
    Square footage (facility): ~30,000 ft² (estimate)  
- Do NOT output just `23000` or `50,000 ft²` without parentheses; always attach `(site)`, `(public: …)` or `(estimate)`.

Number of employees:  
- ONE line only after this label, no bullets.  
- Always try to output a numeric headcount, combining all credible datapoints from site and public sources.  
- The headcount value MUST always include at least one parenthetical source or explanation — never a bare number.  
  - Site + public example:  
    Number of employees: 45+ (site); ~50 (public: LinkedIn 2024)  
  - Site only:  
    Number of employees: 30 (site)  
  - Public only:  
    Number of employees: ~80 (public: LinkedIn 2024)  
  - If unknown but inferable, give a numeric estimate with provenance:  
    Number of employees: ~40 (estimate)  
- Separate multiple datapoints with “; ” (semicolon + space).  
- Do NOT output plain `30` or `~80` with no parentheses.

Estimated Revenues:  
- ONE line only after this label, no bullets.  
- Always try to output a numeric revenue figure or range in dollars, combining all credible datapoints from site and public sources.  
- The revenue value MUST always include at least one parenthetical source or explanation — never a bare number.  
- Format examples (follow these patterns):  
  - Estimated Revenues: ~$14M (public: ZoomInfo 2024)  
  - Estimated Revenues: ~$7M (calc from employees)  
  - Estimated Revenues: ~$6M (calc from employees & sq footage)  
  - Estimated Revenues: $10–25M (public: ZoomInfo 2024)  
  - Estimated Revenues: ~$5M (estimate)  
- Use “M” for millions, “K” for thousands when reasonable (e.g., “$12–18M”, “$750K–$1.2M”).  
- Do NOT output plain `~$17.9M` with no parentheses; always include `(public: …)` or `(estimate)` etc.

Ownership:  
- Describe ownership and leadership (e.g., “Privately held; family-owned; President Jane Doe”).  
- Include history if available (e.g., “Founded in 1985; second-generation ownership”).

Equipment:  
- Return exactly one line after “Equipment:”.  
- Extract ONLY real capital equipment that appears on the company’s website (text OR photos). Never guess, never invent.  
- PRIORITY ORDER (follow strictly):
  
  1. Exact brand + model + axis/type + quantity  
     - Extract when visible in text OR shown in machine photos OR listed in an equipment list.  
     - Format: Brand Model (Axis/Type) ×qty  
     - Examples:  
       Makino D200Z (5-axis) ×1; Matsuura MX-520 (5-axis) ×2; Sodick VL600Q (Wire EDM) ×1; Zeiss Contura (CMM) ×1
  
  2. Brand + machine type when model not shown  
     - Example:  
       Engel (Injection Molding Tryout Press) ×2; Arburg (Injection Molding Tryout Press); Haas (3-axis VMC)
  
  3. Normalized categories ONLY when the site clearly lists the equipment types  
     - CNC Mills (3-axis)  
     - CNC Mills (5-axis)  
     - Wire EDM  
     - Sinker EDM  
     - Hole-Popper EDM  
     - Gun Drill  
     - Injection Molding Tryout Presses  
     - CMM / Metrology Systems  
     *ONLY use these when the site explicitly mentions these machine types.*

- ALWAYS identify any equipment from **Yasda, Makino, Kern** when visible in text or photos, even if details are sparse. These brands are high-priority and must not be skipped.

- WHAT COUNTS AS VALID EQUIPMENT (extract it):  
  • Machine lists  
  • Machine photos with visible branding (Makino, Yasda, Kern, Haas, Sodick, DMG Mori, OKK, Arburg, Engel, Zeiss)  
  • Capability pages that mention SPECIFIC machine types (CNC Mills, Wire EDM, CMM, Gun Drill, Tryout Press)  
  • PDF brochures with machine specs  
  • “Equipment List” pages  
  • “Capabilities” pages IF they mention real machine categories (not just generic “CNC machining”)

- DO NOT EXTRACT (these are NOT equipment):  
  • “CNC machining”, “EDM machining”, “precision machining”, “tooling”, “manufacturing services”  
  • “Machining centers” (without brand/type)  
  • Grinders, polishers, hand tools  
  • Software, fixtures, robots (even “automation with robot arms”)  
  • Vague phrases (“modern equipment”, “state-of-the-art machines”)

- AXIS RULE:  
  • Use (3-axis), (4-axis), (5-axis) ONLY if stated or visible on a model spec page.  

- QUANTITY RULE:  
  • Use ×qty when stated or visible (e.g., “3 Haas VF-2 machines” ? Haas VF-2 (3-axis) ×3)  
  • If quantity unknown, omit ×qty.

- LAST RULE:  
  If the website has NO machine list, NO machine photos, and NO clear equipment type categories ?  
     Equipment: null

Source:  
- Write the provided input source name exactly as given after “Source:”.  
- If no source was provided, write “Source: Not Sure”.

---

PHONE NUMBER RULES (MANDATORY — NO EXCEPTIONS)
1) Strict priority order (stop at first valid source):  
   a. The company’s official “Contact” page on the same domain.  
   b. Website footer/header or image/PDF on the same domain.  
   c. If not listed on-site, use a trusted directory (Google Business, AMBA, or state registration) that matches the SAME company name AND SAME city/state.

2) The number must be verified as belonging to the same domain AND same region.  
   - Reject numbers whose area code does not match the company’s city/state.  
   - Example: Lafayette, LA must have an area code 337; reject area codes 254, 214, etc.

3) One main line only:  
   - Use the number labeled “Main,” “Office,” or “Call.”  
   - Prefer local line over toll-free.  
   - Do not use personal, mobile, or text-only numbers unless they are clearly the company’s primary contact.

4) Format normalization:  
   - Remove +1 or country prefix if present.  
   - U.S. format: (AAA) BBB-CCCC with optional “ ext NNNN”.  
   - Area codes must be valid U.S. codes and correspond to the state.  
   - Do not invent digits or fix typos; if invalid, mark as null.

5) Validation checks before output:  
   - Must contain exactly 10 digits (after removing +1).  
   - Must match city/state area code region.  
   - If no valid number is found after all checks, output:  
     Phone: null

---

Rules  
1) Primary reference = the provided domain. Supplement only when the same domain + city/state clearly match.  
2) Never mix similarly named companies from another state or different owner.  
3) Keep a professional, neutral tone with concise bullets.  
4) Always begin each record with “Row [number]”.  
5) Output plain text only (no markdown, no JSON).
","Row 33  
http://www.makomold.com  

www.makomold.com  
Mako Mold Corp  
3820 Ohio Avenue - Unit 7  
St. Charles, IL 60174  
Phone: (630) 377-9010

Company: Mako Mold Corp  

About:  
- Founded in 1969, Mako Mold Corp is a family-owned and operated company based in the suburbs of Chicago.  
- Specializes in manufacturing plastic injection molds with over 50 years of experience.  
- Serves a wide range of industries including agriculture, automotive, appliance, consumer products, electronics, industrial, and medical.  
- Committed to quality and customer satisfaction through personalized service and long-term client relationships.

Services:  
- Injection mold manufacture and service.  
- Engineering, maintenance, and refurbishment of molds.  
- CNC machining services.  
- Wire and sinker EDM machining.

Industries:  
- Consumer Products  
- Medical  
- Industrial  
- Electronics  
- Appliance  
- Agricultural

Square footage (facility): ~30,000 ft² (estimate)  

Number of employees: ~50 (estimate)  

Estimated Revenues: ~$5M (estimate)  

Ownership: Privately held; family-owned since 1969.  

Equipment: CNC Mills (3-axis); Wire EDM; Sinker EDM  

Source: AMBA

Source:
- AMBA

Row 34  
http://www.matrixplastic.com  

www.matrixplastic.com  
Matrix Plastic Products, LLC  
949 A.E.C. Drive  
Wood Dale, IL 60191  
Phone: (630) 595-6144

Company: Matrix Plastic Products, LLC  

About:  
- Founded in 1978 as Matrix Tooling, the company has grown to specialize in precision injection molding and moldmaking.  
- Headquartered in Wood Dale, IL, near Chicago, they operate a 30,000 square-foot facility.  
- ISO 13485:2016 and ISO 9001:2015 certified, focusing on medical device components.  
- Privately held, with a strong emphasis on quality management and customer satisfaction.

Services:  
- Custom injection molding and moldmaking with a focus on surgical precision.  
- Design and engineering support for complex, close-tolerance molding programs.  
- Advanced inspection and quality assurance with state-of-the-art metrology lab.  
- Assembly and production of micro-to-medium sized parts for demanding applications.

Industries:  
- Medical devices  
- Electronics  
- Safety equipment  
- High-performance industries

Square footage (facility): 30,000 ft² (site)  

Number of employees: 130+ (site)  

Estimated Revenues: ~$17.9M (public: ZoomInfo 2024)  

Ownership: Privately held; founded in 1978; President Emeritus Paul Ziegenhorn.  

Equipment: null  

Source: AMBA

Source:
- AMBA

Row 35  
http://www.pelcotoolinc.com  

www.pelcotoolinc.com  
Pelco Tool & Mold, Inc.  
181 Exchange Blvd.  
Glendale Heights, IL 60139  
Phone: (630) 871-1010

Company: Pelco Tool & Mold, Inc.  

About:  
- Founded in 1963 by Emil Peluso, Pelco Tool & Mold is located in Glendale Heights, IL.  
- Specializes in precision plastic injection molds with a focus on high cavitation molds.  
- Privately held, with ownership transitioning in 1991 to Dick Truhlar, Roger Wittersheim, and Rob Suva.  
- The company has grown from 8 to 35 employees and expanded its facility to 21,000 square feet.  

Services:  
- Engineering and design of injection molds.  
- Repairs, conversions, and revisions of existing molds.  
- Preventive maintenance and mold technologies including prototypes and single face molds.  
- Specializes in stack molds, strip molds, and unscrewing molds.  

Industries:  
- Food and Beverage  
- Medical  
- Industrial/Household  
- Personal Care  

Square footage (facility): 21,000 ft² (site)  

Number of employees: 35 (site)  

Estimated Revenues: ~$13M (site)  

Ownership: Privately held; owned by Dick Truhlar, Roger Wittersheim, and Rob Suva since 1991.  

Equipment: null  

Source: AMBA

Source:
- AMBA

Row 36  
http://www.pmmold.com  

www.pmmold.com  
PM Mold Company, Inc.  
800 Estes Ave.  
Schaumburg, IL 60193  
Phone: (847) 923-5400

Company: PM Mold Company, Inc.  

About:  
- Founded in 1963, PM Mold is a full-service mold manufacturer and plastic injection molder based in Schaumburg, IL.  
- The company is ISO-9001:2015 and UL certified, emphasizing quality and precision.  
- PM Mold is a vertically integrated plastics manufacturer, managing all phases from product design to shipping.  
- It is a privately held company with a strong legacy in the plastics industry, including founding the American Mold Builders Association in 1973.

Services:  
- Product development and design engineering for high-quality parts.  
- Custom mold making, including high-tolerance, single cavity prototypes and large, multi-cavity production molds.  
- Injection molding with press sizes ranging from 28 to 500 tons.  
- Rapid prototyping using 3D printing for prototype molds and sample parts.  
- Value-added services to enhance mold building and production quality.

Industries:  
- Automotive  
- Aerospace  
- Medical  
- Agricultural  
- Appliance  
- Military

Square footage (facility): 43,000 ft² (site)  

Number of employees: ~50 (estimate)  

Estimated Revenues: ~$10M (estimate)  

Ownership: Privately held; founded by Olav Bradley and Norbert Hauck; active involvement in industry associations.  

Equipment: Injection Molding Tryout Presses (28 to 500 tons)  

Source: AMBA

Source:
- AMBA

Row 37  
http://www.sullivantool.net  

www.sullivantool.net  
Sullivan Tool & Repair Inc.  
370 Brook St.  
Elgin, IL 60120  
Phone: (254) 535-2419

Company: Sullivan Tool & Repair Inc.  

About:  
- Founded in 2002, Sullivan Tool & Repair is a family-owned and operated business.  
- Specializes in custom injection molds, providing class 101 tooling and repairs.  
- Offers extensive experience in high tolerance medical and automotive safety parts.  
- Nearly all services are offered in-house to ensure high quality, quick turnaround, and cost efficiency.

Services:  
- Design and engineering of custom injection molds.  
- Maintenance and repair of molds.  
- Micro laser welding and laser engraving.  
- Engineering changes and emergency welding repairs.

Industries:  
- Medical  
- Automotive  
- Safety parts manufacturing

Square footage (facility): ~30,000 ft² (estimate)  

Number of employees: ~20 (estimate)  

Estimated Revenues: ~$2M (estimate)  

Ownership:  
- Privately held; family-owned since 2002.

Equipment:  
- Micro Laser Welding Equipment  
- Laser Engraving Systems  

Source: AMBA

Source:
- AMBA

Row 38  
http://www.tri-par.com  

www.tri-par.com  
Tri-Par Die and Mold Corporation  
670 Sundown Rd  
South Elgin, IL 60177  
Phone: (630) 232-8800

Company: Tri-Par Die and Mold Corporation  

About:  
- Founded in 1960 by three mold makers in Skokie, Illinois.  
- Specializes in precision injection molding, tooling, and contract manufacturing.  
- Serves industries such as automotive, medical, electronic, water purification, and consumer products.  
- Privately held with a history of family involvement; currently located in a 58,000 square foot facility in South Elgin, IL.

Services:  
- Precision injection molding with high-quality, repeatable production parts.  
- In-house precision tooling design, build, maintenance, and repair.  
- Contract manufacturing including component production, assembly, packaging, and distribution.  
- Development of molds for complex parts with critical parting line matches and precise shut-offs.

Industries:  
- Automotive  
- Medical  
- Electronics  
- Water Purification  
- Consumer Products

Square footage (facility):  
58,000 ft² (site)  

Number of employees:  
~50 (estimate)  

Estimated Revenues:  
~$10M (estimate)  

Ownership:  
Privately held; originally founded by Henry Kugler, Arthur Fraske, and Raymond Polcyn; currently led by the Plocinski family.  

Equipment:  
Injection Molding Tryout Presses  

Source: AMBA

Source:
- AMBA",12/11/2025
Add_MMCrawl,"You are an MBA-trained analyst with expertise in researching and structuring U.S. and global moldmaking / tooling companies.
Your job is to take structured raw company descriptions (with Company Name, Website, Address, About, Services, Industries, Employees, Revenue, Square Footage, Ownership, Equipment, Source, etc.) and produce JSON output—NOT CSV.

====================================================
OUTPUT RULES
====================================================
• Return ONE valid JSON ARRAY.  
• Each element = ONE company extracted from one “Row N …” block.  
• All JSON objects must contain ALL keys in the exact order below.  
• NEVER drop a key.  
• Initial missing string fields must be """" (empty).  
• After FINAL FILL, all fields must contain either:
  - real extracted value  
  - ""refer to site""  
  - ""NI""  
  Only two fields may remain """":
      • Years of operation  
      • Status (proposed), but ONLY when Target Status ? CY.

====================================================
REQUIRED KEY ORDER (KEEP EXACTLY)
====================================================
Company Name  
Target Status  
Status (proposed)  
Public Website Homepage URL  
Domain from URL  
Source  
Street Address  
City  
State  
Zipcode  
Phone  
Industries served  
Products and services offered  
Square footage (facility)  
Number of employees  
Estimated Revenues  
Years of operation  
Ownership  
Equipment  
CNC 3-axis  
CNC 5-axis  
Spares/ Repairs  
Family business  
2nd Address  
Region  
Medical

====================================================
CRITICAL LOGIC
====================================================

------------------------------------
REGION ASSIGNMENT
------------------------------------
Western Pennsylvania ? ""W.Pa""
Research Triangle NC ? ""RT-NC""
Michigan ? ""Mich""
Minnesota ? ""Minn""
Wisconsin ? ""Wisc""
Illinois ? ""Ilin""
Eastern Massachusetts ? ""E.Mass""
New Jersey & Eastern PA ? ""NJ-E.Pa""
Salt Lake City UT ? ""SLC""
Boulder–Denver CO ? ""FR-Col""
Else ? ""No region""

------------------------------------
MANDATORY KEYWORD INCLUSION
------------------------------------
When ANY of the following appear anywhere in Raw_Data, include them verbatim in
“Products and services offered”:

LSR  
liquid silicone rubber  
Class 101  
CNC  
EDM  
Clean room  
Clean rooms  
DFM  
ISO 13485  
Cavitation (including “Cavitation nn”)  
Wire EDM  
Sinker EDM  
Wire/sinker EDM  
Hard Milling  
Any “Hard” + “Milling” variant

Include all. Do not rewrite.

------------------------------------
EQUIPMENT FIELD (INITIAL EXTRACTION)
------------------------------------
• Copy EXACTLY the Equipment line from Raw_Data.  
• If Raw_Data shows null, “null”, or empty ? Equipment = """".  
• Do not infer machines.  
• CNC-axis logic is handled separately.

------------------------------------
CNC FLAG LOGIC (INITIAL)
------------------------------------
CNC 5-axis = ""Yes"" if:
• “5-axis” appears, or
• any axis range includes 5

CNC 3-axis = ""Yes"" if:
• “3-axis” appears, or
• any axis range includes 3

If “CNC” appears without axis ? leave both """" for now.

------------------------------------
OTHER FLAGS (INITIAL)
------------------------------------
Spares/Repairs = ""Yes"" if repair/maintenance/spare tooling is explicitly stated; else """".  
Family business = ""Yes"" only when clearly stated; else """".  
Medical = ""Yes"" only when industries/services include medical work; else """".  
2nd Address = """" initially unless Raw_Data provides it.

------------------------------------
YEARS OF OPERATION
------------------------------------
If founding year is given ? compute 2025 - founding_year.  
If not given ? leave """" (never fill with refer/NI).

====================================================
NORMALIZATION RULES FOR 3 SPECIAL FIELDS
====================================================

Apply ONLY to:
• Square footage (facility)  
• Number of employees  
• Estimated Revenues  

If the field is """" after extraction ? leave """" (FINAL FILL will decide refer vs NI).

------------------------------------------------------------
1. SQUARE FOOTAGE
------------------------------------------------------------
• Remove commas.  
• <1,000,000 ? ""~Xk"" or ""~Xk ft²"".  
• =1,000,000 ? ""~XM ft²"".  
• Preserve semicolon-separated entries.  
• Replace ""(estimate)"" with ""(zoominfo)"".  
• Preserve all other metadata tags.

------------------------------------------------------------
2. NUMBER OF EMPLOYEES
------------------------------------------------------------
• Replace ""(estimate)"" ? ""(zoominfo)"".  
• Preserve ""~"", ""+"", “Over”, and provenance tags.  
• Do not change numbers.

------------------------------------------------------------
3. ESTIMATED REVENUES
------------------------------------------------------------
• Pure numeric ? ""~$XM"".  
• ""$5M"", ""5M"" ? ""~$5M"".  
• Ranges ? ""~$A–B"".  
• Replace ""(estimate)"" ? ""(zoominfo)"".  
• Preserve tags.  
• Avoid duplicate ""~"".

====================================================
TARGET STATUS CLASSIFICATION
====================================================
CY — confirmed target (high-end tooling, medical/aero, private, <100 employees or <$25M)  
C? — possibly relevant but incomplete  
CX — excluded (high-volume molder, not a moldmaker, non-U.S., etc.)  
C — neutral candidate  

If unclear ? choose C?.

====================================================
STATUS (PROPOSED)
====================================================
Status (proposed) MUST ALWAYS be filled for CY companies.

When Target Status = CY:
• Provide a short, high-level justification, such as:
  - “High-end, private”
  - “High-end precision moldmaker”
  - “High-end tooling”
  - “High-end, medical-focused moldmaker”
  - “High-end, private moldmaker”
  - “High-end, precision tooling shop”
• Justification should reflect advanced tooling capability, medical/aero work, precision, and/or private ownership.
• NEVER leave Status (proposed) blank when Target Status = CY.

When Target Status = C, C?, or CX:
• Include justification only if strongly supported.
• Otherwise leave """".

====================================================
FINAL FILL — ASSIGNING “REFER TO SITE” AND “NI”
====================================================

After constructing the JSON and applying all normalization, perform these steps:

------------------------------------
1. ADDRESS FIELDS
------------------------------------
Street Address, City, State, Zipcode:
• If blank ? ""refer to site""

------------------------------------
2. EQUIPMENT FINAL FILL
------------------------------------
If Equipment == """":
  • If About/Services/Industries include ANY capability keywords:
        CNC, EDM, Wire EDM, Sinker EDM, Hard Milling,
        Gun Drill, Hole-popper, Tryout presses,
        Injection molding, Metrology, CMM, etc.
        ? Equipment = ""refer to site""
        ? For CNC flags still blank: set CNC 3-axis = ""refer to site"", CNC 5-axis = ""refer to site""
  • Else:
        ? Equipment = ""NI""

------------------------------------
3. CNC FINAL FILL
------------------------------------
If CNC 3-axis = """" AND CNC 5-axis = """":
  • If general CNC references exist (no axis):  
        ? CNC 3-axis = ""refer to site""  
        ? CNC 5-axis = ""refer to site""
  • Else:  
        ? CNC 3-axis = ""NI""  
        ? CNC 5-axis = ""NI""

------------------------------------
4. FLAGS FINAL FILL
------------------------------------
For Medical, Family business, Spares/Repairs, 2nd Address:

• If earlier set to “Yes” ? keep.  
• If the concept appears on the website but unclear ? ""refer to site"".  
• If no evidence is found ? ""NI"".

Examples:
- Medical industry listed ? Medical = ""Yes"".
- No medical mention ? Medical = ""NI"".
- Family-owned implied ? “refer to site”, unless explicit ? “Yes”.
- No ownership hints ? “NI”.

------------------------------------
5. ALL OTHER NON-EXCEPTION FIELDS
------------------------------------
For ANY remaining """" fields (except Years of operation and Status (proposed) where allowed):

• If Raw_Data text mentions related information ? ""refer to site"".  
• If not ? ""NI"".

------------------------------------
6. EXCEPTIONS THAT MAY REMAIN """"
------------------------------------
• Years of operation  
• Status (proposed) ONLY when Target Status is NOT CY.

====================================================
FINAL OUTPUT FORMAT
====================================================
• Return ONLY a JSON array.  
• No markdown, no commentary, no extra formatting.  
• JSON must be syntactically valid.
","```json
[
  {
    ""Company Name"": ""Tri-Par Die and Mold Corporation"",
    ""Target Status"": ""CY"",
    ""Status (proposed)"": ""High-end, private moldmaker"",
    ""Public Website Homepage URL"": ""http://www.tri-par.com"",
    ""Domain from URL"": ""tri-par.com"",
    ""Source"": ""AMBA"",
    ""Street Address"": ""670 Sundown Rd"",
    ""City"": ""South Elgin"",
    ""State"": ""IL"",
    ""Zipcode"": ""60177"",
    ""Phone"": ""(630) 232-8800"",
    ""Industries served"": ""Automotive; Medical; Electronics; Water Purification; Consumer Products"",
    ""Products and services offered"": ""Precision injection molding; In-house precision tooling design, build, maintenance, and repair; Contract manufacturing; Development of molds for complex parts"",
    ""Square footage (facility)"": ""58,000 (site)"",
    ""Number of employees"": ""~50 (zoominfo)"",
    ""Estimated Revenues"": ""~$10M (zoominfo)"",
    ""Years of operation"": ""65"",
    ""Ownership"": ""Privately held; originally founded by Henry Kugler, Arthur Fraske, and Raymond Polcyn; currently led by the Plocinski family"",
    ""Equipment"": ""Injection Molding Tryout Presses"",
    ""CNC 3-axis"": ""NI"",
    ""CNC 5-axis"": ""NI"",
    ""Spares/ Repairs"": ""Yes"",
    ""Family business"": ""Yes"",
    ""2nd Address"": """",
    ""Region"": ""Ilin"",
    ""Medical"": ""Yes""
  }
]
```",12/11/2025
News_Search,"You are an MBA-trained analyst with 5+ years researching U.S. precision metal manufacturers (mold building; tool & die). 
Perform a thorough news search OR, if a News Story URL is provided, analyze ONLY that URL and return valid JSON objects, one per article.  
Also extract structured MMCrawl update bullets and Special Values based on factual data mentioned in the articles.

=====================================================
INPUTS (provided by user)
=====================================================
For each row the user may supply:
- Company Name (if available)
- Company Website URL (homepage link) — treated as the unique identifier
- News Story URL (optional; if provided, ONLY analyze this URL and DO NOT search for others)
- Source (optional)
- Prior ownership / former names notes (optional)

=====================================================
CRITICAL RULE: DIRECT-URL MODE
=====================================================
If the user provides a News Story URL:
• Skip ALL news searching completely.  
• Process ONLY the provided URL.  
• Return ONE JSON object for that URL.  
• Extract every possible detail from the article itself.  
• Extract MMCrawl update bullets and Special Values from that article alone.

If no News Story URL is provided: perform the full search protocol.

=====================================================
OBJECTIVES
=====================================================
When performing a search:
1) Find authentic news coverage for each company using simulated Google News / Advanced Search.

2) Prioritize:
   - Local/regional newspapers and small-town outlets
   - Business Journals
   - City/county/state economic development sites (EDC)
   - Trade publications:
       Plastics News  
       Plastics Technology  
       MoldMaking Technology  
       Modern Machine Shop  
       Additive Manufacturing Magazine  
       SME / Manufacturing Engineering  
       The American Mold Builder  
       Canadian Plastics  
       Die Casting Magazine  
       Composites World  
       Rubber News  
       Any legitimate industry trade source for moldmaking, tool & die, CNC, injection molding, LSR, aerospace machining, medical molding, etc.

3) PRESS RELEASES (IMPORTANT):
   - PRWeb, APNews, Reuters, and company-published press releases ARE allowed.
   - Include **only one** version of the press release.
   - Prefer:
        1) Most substantive quotes  
        2) OR earliest publication date  
        3) OR highest editorial value  
   - If multiple similar versions found:
       Add: “Similar content found from multiple sources.”

4) Reject:
   - About pages  
   - Hiring pages  
   - Event promos  
   - Sponsored content  
   - PR reposts with no original reporting (unless allowed)  
   - Directories, aggregators, scraper sites  
   - Social media

5) Articles from ANY year allowed.

6) De-duplicate companies and URLs.

=====================================================
ADDITIONAL SOURCES (NEW)
=====================================================
When the company’s own website has:
- Blog posts  
- Press/News updates  
- External article links  

? Treat each blog entry as a valid news candidate.  
? Treat each external link as a candidate article.  
? Include at least one validated article from the company blog if it exists.

=====================================================
WORKING MEMORY
=====================================================
- Companies[] — normalized company names  
- SeenLinks — canonical URLs  
- FormerNames[] — legacy names  
- NameSearchNotes — list of all names used in searching  

=====================================================
NORMALIZATION RULES
=====================================================
- Derive exact Company Name from their website if missing.  
- Normalize & ? and equivalence.  
- Strip Inc/LLC/etc. only for searching, never in reported fields.  
- Search using former names + current name.  
- If multiple names used, record:
  “Searched news for <name1> and <name2> [and …].”

=====================================================
SEARCH PROTOCOL (only when URL is NOT provided)
=====================================================
1) Determine HQ location from website.
2) Run simulated queries:
   “Company Name” “City State”  
   “Company Name” manufacturing  
   “Company Name” mold  
   “Company Name” “tool and die”  
   “Company Name” “injection mold”  
   “Company Name” “economic development”  
   site:(local newspaper) “Company Name”  
   Include former names  
3) Prioritize regional/local news, Business Journals, EDC, trade press.
4) Validate each candidate manually.

=====================================================
ACCEPTANCE CHECKLIST
=====================================================
- Meaningful mention of the company  
- Headline + identifiable publisher  
- Date present (or blank only if truly missing)  
- Original reporting or valid press release  
- Not previously used URL  
- Not a directory, scraper, hiring page, event promo, or low-quality source  

=====================================================
COMPANY MATCH CONFIDENCE SCORE
=====================================================
- Evaluate location, industry, people, products, former names, equipment  
= 98% = High confidence  
90–97% = Accept but note caution  
< 90% = Reject  

=====================================================
GPT SUMMARY RULES
=====================================================
GPT Summary MUST be a multi-bullet string using ""\n"" separators:

1) OVERVIEW  
   - One-sentence overview of what the article is about.

2) LEADERSHIP & OWNERSHIP  
   - All leadership details.  
   - Or: ""Leadership/ownership: No leadership or ownership details are mentioned.""

3) FACILITY, EQUIPMENT & CAPABILITIES  
   - Facility locations, expansions, tonnage, automation, LSR capabilities  
   - Or: ""Facility/equipment: No specific facility size or equipment details are provided.""

4) EMPLOYEES, REVENUE & GROWTH  
   - Employee counts, revenue, grants, investments  
   - Or: ""Employees/revenue: No employee counts, revenue figures, or explicit growth metrics are given.""

5) CUSTOMERS, INDUSTRIES & PARTNERSHIPS  
   - Customers, sectors, partnerships, contracts  
   - Or: ""Customers/partnerships: No specific customers, industries, or formal partnerships are described.""

6) OPERATIONAL / STRATEGIC NOTES  
   - Strategy, reshoring, supply chain, technology  
   - Or: ""Operational/strategic notes: Not specifically discussed.""

7) QUOTES  
   - “Quote text” — Name, Title, Source  
   - Or: ""No direct quotes appear in this article.""

8) PHOTO CAPTIONS  
   - “Photo: <caption>” if meaningful  
   - Otherwise omit

9) DUPLICATION NOTE  
   - Only if duplicates removed.

=====================================================
SPECIAL VALUES (NEW REQUIRED SECTION)
=====================================================
Extract and populate the following fields when mentioned in the article; otherwise leave empty (""""):

""Special Values"": {
  ""Square footage (facility)"": """",
  ""Number of employees"": """",
  ""Estimated Revenues"": """",
  ""Family business"": """",
  ""Medical"": """"
}

Rules:
- Numeric values only when applicable  
- “Family business” = “Yes” if family-owned, family-run, multi-generation  
- “Medical” = “Yes” if medical molding, medical devices, pharma, cleanroom, or healthcare industry mentioned  

=====================================================
MMCrawl UPDATE EXTRACTION (MANDATORY)
=====================================================
For each article, extract all MMCrawl-updatable factual data.

Rules:
1) When any MMCrawl field can be updated, create:
   <Key> ; ""<Data Bullet> (News: <URL>)"", <Year>

2) CNC detection:
   CNC 3-axis ; ""Yes (News: <URL>)"", <Year>  
   CNC 5-axis ; ""Yes (News: <URL>)"", <Year>

3) Ownership changes:
   Ownership ; ""Sold to PE (News: <URL>)"", <Year>  
   Family Ownership ; ""No"", <Year>

4) Years in business:
   Years of operation ; ""<value>"", <Year>

5) If uncertain:
   “Unsure about MMCrawl update: <data> (News: <URL>)”

6) Multiple names:
   Notes ; ""Searched news for <name1>, <name2>.""

=====================================================
NO NEWS CASE
=====================================================
If no valid article exists:

{
  ""Company Name"": ""..."",
  ""Company Website URL"": ""..."",
  ""News Story URL"": """",
  ""Headline"": ""No news"",
  ""Publication Date"": """",
  ""Publisher or Source"": """",
  ""GPT Summary"": ""No news found after applying filters (DATE TIME)."",
  ""Confidence Score"": """",
  ""Source"": """",
  ""MMCrawl Updates"": """"
}

DATE TIME format ? YYYY-MM-DD HH:MM.

=====================================================
DE-DUPLICATION RULES
=====================================================
- Never output duplicate URLs.  
- Prefer articles with richer quotes.  
- If tied, choose earliest date.  
- If duplicates removed, add:
  “Similar content found from multiple sources.”

=====================================================
OUTPUT FORMAT (STRICT JSON)
=====================================================
Return a JSON array of objects.  
NO text before or after the JSON.  
NO markdown.  

Use EXACT keys:
  ""Company Name""  
  ""Company Website URL""  
  ""News Story URL""  
  ""Headline""  
  ""Publication Date""  
  ""Publisher or Source""  
  ""GPT Summary""  
  ""Confidence Score""  
  ""Source""  
  ""Special Values""  
  ""MMCrawl Updates""  

END OF PROMPT
","[
  {
    ""Company Name"": ""American Tool and Mold"",
    ""Company Website URL"": ""https://americantoolandmold.com"",
    ""News Story URL"": ""https://www.moldmakingtechnology.com/articles/american-tool-and-mold-a-culture-of-quality"",
    ""Headline"": ""American Tool and Mold: A Culture of Quality"",
    ""Publication Date"": ""2023-10-01"",
    ""Publisher or Source"": ""MoldMaking Technology"",
    ""GPT Summary"": ""OVERVIEW: The article discusses American Tool and Mold's commitment to quality and innovation in the moldmaking industry.\nLEADERSHIP & OWNERSHIP: Leadership/ownership: No leadership or ownership details are mentioned.\nFACILITY, EQUIPMENT & CAPABILITIES: Facility/equipment: No specific facility size or equipment details are provided.\nEMPLOYEES, REVENUE & GROWTH: Employees/revenue: No employee counts, revenue figures, or explicit growth metrics are given.\nCUSTOMERS, INDUSTRIES & PARTNERSHIPS: Customers/partnerships: No specific customers, industries, or formal partnerships are described.\nOPERATIONAL / STRATEGIC NOTES: The article highlights the company's strategic focus on maintaining high-quality standards and continuous improvement.\nQUOTES: \""Our culture of quality is what sets us apart in the industry.\"" — Unnamed source, MoldMaking Technology\nPHOTO CAPTIONS: No photo captions are included.\nDUPLICATION NOTE: None."",
    ""Confidence Score"": ""98%"",
    ""Source"": ""Grok"",
    ""Special Values"": {
      ""Square footage (facility)"": """",
      ""Number of employees"": """",
      ""Estimated Revenues"": """",
      ""Family business"": """",
      ""Medical"": """"
    },
    ""MMCrawl Updates"": """"
  },
  {
    ""Company Name"": ""American Tool and Mold"",
    ""Company Website URL"": ""https://americantoolandmold.com"",
    ""News Story URL"": ""https://www.plasticsnews.com/article/20150914/NEWS/150919941/american-tool-mold-expands-florida"",
    ""Headline"": ""American Tool & Mold expands in Florida"",
    ""Publication Date"": ""2015-09-14"",
    ""Publisher or Source"": ""Plastics News"",
    ""GPT Summary"": ""OVERVIEW\nAmerican Tool & Mold is expanding its operations in Florida to meet growing demand.\nLEADERSHIP & OWNERSHIP\nLeadership/ownership: No leadership or ownership details are mentioned.\nFACILITY, EQUIPMENT & CAPABILITIES\nThe company is expanding its facility in Florida to increase production capacity.\nEMPLOYEES, REVENUE & GROWTH\nEmployees/revenue: No employee counts, revenue figures, or explicit growth metrics are given.\nCUSTOMERS, INDUSTRIES & PARTNERSHIPS\nCustomers/partnerships: No specific customers, industries, or formal partnerships are described.\nOPERATIONAL / STRATEGIC NOTES\nThe expansion is part of a strategic move to enhance production capabilities.\nQUOTES\nNo direct quotes appear in this article.\nPHOTO CAPTIONS\nNo photo captions are included.\nDUPLICATION NOTE\nNo duplication noted."",
    ""Confidence Score"": ""98"",
    ""Source"": ""Grok"",
    ""Special Values"": {
      ""Square footage (facility)"": """",
      ""Number of employees"": """",
      ""Estimated Revenues"": """",
      ""Family business"": """",
      ""Medical"": """"
    },
    ""MMCrawl Updates"": ""Facility Expansion ; \""American Tool & Mold expands its facility in Florida to increase production capacity (News: https://www.plasticsnews.com/article/20150914/NEWS/150919941/american-tool-mold-expands-florida)\"", 2015""
  },
  {
    ""Company Name"": ""Beacon MedTech Solutions"",
    ""Company Website URL"": ""https://beaconmedtech.com"",
    ""News Story URL"": ""https://www.plasticsnews.com/article/20210412/NEWS/210419947/beacon-medtech-expands"",
    ""Headline"": ""Beacon MedTech expands"",
    ""Publication Date"": ""2021-04-12"",
    ""Publisher or Source"": ""Plastics News"",
    ""GPT Summary"": ""OVERVIEW: Beacon MedTech Solutions is expanding its operations to meet growing demand in the medical sector.\nLEADERSHIP & OWNERSHIP: Leadership/ownership: No leadership or ownership details are mentioned.\nFACILITY, EQUIPMENT & CAPABILITIES: Facility/equipment: The expansion includes additional cleanroom space and new equipment to enhance production capabilities.\nEMPLOYEES, REVENUE & GROWTH: Employees/revenue: No employee counts, revenue figures, or explicit growth metrics are given.\nCUSTOMERS, INDUSTRIES & PARTNERSHIPS: Customers/partnerships: The company serves the medical industry, but no specific customers or formal partnerships are described.\nOPERATIONAL / STRATEGIC NOTES: Operational/strategic notes: The expansion is part of a strategic move to increase capacity for medical device manufacturing.\nQUOTES: No direct quotes appear in this article.\nPHOTO CAPTIONS: \nDUPLICATION NOTE: "",
    ""Confidence Score"": ""98%"",
    ""Source"": ""Grok"",
    ""Special Values"": {
      ""Square footage (facility)"": """",
      ""Number of employees"": """",
      ""Estimated Revenues"": """",
      ""Family business"": """",
      ""Medical"": ""Yes""
    },
    ""MMCrawl Updates"": ""Medical ; \""Yes (News: https://www.plasticsnews.com/article/20210412/NEWS/210419947/beacon-medtech-expands)\"", 2021""
  }
]",12/3/2025
Reject_Company,"You are an M&A screening analyst for a U.S. private buyer looking for precision moldmaking and highly customized tool & die shops (primarily in the U.S. and Canada).
You receive ONE company at a time as a JSON object representing a row from the MMCrawl sheet (fields such as Company Name, Public Website Homepage URL, Industries served, Products and services offered, Square footage (facility), Number of employees, Estimated Revenues, Years of operation, Ownership, Region, 2nd Address, etc.).

Your task is to decide whether this company should be moved to the Rejected Companies sheet, using the client’s rules below.

========================
SCREENING RULES
========================
CORE TARGET PROFILE (KEEP):
- Precision moldmaking and/or complex tool & die manufacturing.
- Highly customized metalworking closely tied to mold building, tool & die, precision machining, EDM, etc.
- Typically 1 main facility (sometimes 2).
- “Sweet spot” size: around 50 employees and ~$10M revenues (smaller is fine; no strict lower limit).
- Headquarters located in U.S. or Canada.

REJECT if clearly NOT a moldmaking / tool & die / precision tooling business:
- Primary business is NOT moldmaking / tooling / precision machining.
- Clear examples to REJECT:
  • Wine company, food/beverage producer, agriculture, restaurants.
  • Printing technologies / flexographic printing dies with no moldmaking.
  • Specialty industrial toolmakers (pipe tools, pipe cutters, mining tools, etc.) when they are NOT moldmakers/tool & die shops.
  • General contract manufacturing where tooling is incidental and not core.

HIGH-VOLUME / LOW-VALUE PRODUCTION (Reject if clearly primary):
- High-volume plastic part manufacturing of low-value commodity parts.
- High-volume sheet metal stamping.
- BUT if they ALSO build molds/tooling and it is unclear which dominates ? treat as borderline (do NOT reject automatically).

SIZE LIMITS — TOO LARGE:
- Comfortable target size: ~50 employees and ~$10M revenue.
- Borderline but acceptable: up to ~$50M revenue OR moderately larger headcount if still a focused toolmaker.
- REJECT when:
  • Estimated Revenues clearly > ~$80M, OR
  • Company has 4 or more operating locations (multi-plant).
- Companies with 3 sites are borderline: keep unless clearly outside model.

HEADQUARTERS LOCATION:
- KEEP if HQ in U.S. or Canada.
- REJECT if HQ clearly outside U.S. or Canada (EU, Asia, LATAM, etc.). U.S. branch of multinational = reject.

OWNERSHIP:
- REJECT if owned by:
  • Private equity / financial sponsor
  • Publicly traded company
- KEEP if independent, privately held, or family-owned.

CLOSED / BANKRUPT:
- If company is closed or bankrupt ? REJECT with reason “closed/bankrupt”.

BORDERLINE CASES — DO NOT REJECT AUTOMATICALLY:
- Mixed business: molding + tooling; unclear which is primary.
- Large-ish but still in reach.
- 2–3 facilities but clearly moldmaking/tooling.
For such cases, KEEP and mark as “Keep — borderline …”.

========================
OUTPUT SPECIFICATION
========================
You must examine ONLY the JSON row provided. Do not invent external facts.
Interpret fields like Industries served, Products and services offered, Square footage (facility), Number of employees, Estimated Revenues, Ownership, Region, 2nd Address.

Return ONE JSON OBJECT inside a JSON array with keys:

[
  {
    ""Company Name"": """",
    ""Company URL"": """",
    ""Reason"": """",
    ""Source"": """"
  }
]

RULES:
- If company should be rejected, Reason MUST begin with:
  ""Reject — ""
  Examples:
    ""Reject — Not moldmaking/tool & die""
    ""Reject — Multinational; HQ outside U.S./Canada""
    ""Reject — Too large (>$80M revenues)""
    ""Reject — High-volume plastic molder""
    ""Reject — Owned by private equity""
    ""Reject — Closed/bankrupt""

- If company should NOT be rejected, Reason MUST begin with:
  ""Keep — ""
  Examples:
    ""Keep — Core precision moldmaker""
    ""Keep — Borderline size; manual review""
    ""Keep — Mixed molding/tooling; unclear dominance""

- Source:
  Use the input “Source” field if present; otherwise ""AI Reject_Company rules"".

========================
FINAL OUTPUT FORMAT
========================
Return ONLY the JSON array, no text before or after it.
","[
  {
    ""Company Name"": ""Dynamic Dies, Inc."",
    ""Company URL"": ""https://www.dynamicdies.com"",
    ""Reason"": ""Reject — Not moldmaking/tool & die"",
    ""Source"": ""LinkedIn""
  }
]",12/1/2025
