No,Urls,Source
1,http://1-sourcedesign.com/,AMBA
2,http://www.hpmold.com,AMBA
3,http://www.mrmold.com,AMBA
4,http://www.prestigemold.com,AMBA
5,http://www.source-one.net,AMBA
6,http://www.southcoastmold.com,AMBA
7,http://www.westecplastics.com,AMBA
8,https://www.ptaplastics.com/,AMBA
9,http://ivanhoetool.com/,AMBA
10,https://wepcoplastics.com/,AMBA
11,http://www.westminstertool.com,AMBA
12,https://www.amdiemold.com/,AMBA
13,http://www.carsonmold.com,AMBA
14,http://www.atemold.com,AMBA
15,http://www.iowamold.com,AMBA
16,http://www.msimoldbuilders.com,AMBA
17,http://www.summitmold.com,AMBA
18,http://www.a1toolcorp.com,AMBA
19,http://www.alchemyprecision.com,AMBA
20,http://www.angletoolworks.com,AMBA
21,http://www.armin-ind.com,AMBA
22,http://www.badassmolds.com,AMBA
23,http://www.chicagomold.com,AMBA
24,http://www.cometdie.com,AMBA
25,http://www.craftsmanmold.com,AMBA
26,http://www.creativediemold.com,AMBA
27,http://www.elbatool.com,AMBA
28,http://www.injectionmoldmaking.com,AMBA
29,http://www.foremantool.com,AMBA
30,http://www.helmtool.com,AMBA
31,http://www.industrialmolds.com,AMBA
32,http://www.mmtooling.com,AMBA
33,http://www.makomold.com,AMBA
34,http://www.matrixplastic.com,AMBA
35,http://www.pelcotoolinc.com,AMBA
36,http://www.pmmold.com,AMBA
37,http://www.sullivantool.net,AMBA
38,http://www.tri-par.com,AMBA
39,http://www.bdmfgmolds.com,AMBA
40,http://www.decaturmold.com,AMBA
41,http://www.lorentson.com,AMBA
42,http://www.roembke.com,AMBA
43,http://www.soindmoldcorp.com,AMBA
44,http://www.ashindustries.com,AMBA
45,http://www.primemfgtech.com,AMBA
46,http://www.accu-die.com,AMBA
47,http://www.baumanntd.com,AMBA
48,http://www.bteplastics.com,AMBA
49,http://www.byrne-tool.com,AMBA
50,http://www.classicdie.com,AMBA
51,http://www.commercialtoolgroup.com,AMBA
52,http://www.cste.com,AMBA
53,http://www.deppemold.com,AMBA
54,http://www.dietech-gr.com,AMBA
55,http://www.eifel-inc.com,AMBA
56,http://teameliteonline.com,AMBA
57,http://www.franchino.com,AMBA
58,http://www.hs-mold.biz,AMBA
59,http://www.hansoninternational.com,AMBA
60,https://www.johnsonmold.com/,AMBA
61,http://www.kriegercraftsmen.com,AMBA
62,http://www.legacyprecisionmolds.com,AMBA
63,http://www.libertymolds.com,AMBA
64,http://www.mcmolds.com,AMBA
65,http://www.maximummoldgroup.com,AMBA
66,http://www.midwestdiecorp.net,AMBA
67,http://www.modeldie.com,AMBA
68,http://www.precisionmoldusa.com,AMBA
69,http://www.select-tool.com,AMBA
70,http://www.tkmoldeng.com,AMBA
71,http://www.ventureglobalengineering.com,AMBA
72,http://www.vikingtooleng.com,AMBA
73,http://www.zerotolerancecnc.com,AMBA
74,http://www.bmetool.biz,AMBA
75,http://www.diamondtande.com,AMBA
76,http://www.dynamicgroup.com,AMBA
77,http://www.excelsiortool.com,AMBA
78,http://www.mo-tech.com,AMBA
79,http://www.mold-craft.com,AMBA
80,http://www.mold-techinc.com,AMBA
81,http://www.moldworks.com,AMBA
82,http://www.tolerancetool.com,AMBA
83,http://www.rdleverage.com,AMBA
84,http://www.vectortool.com,AMBA
85,http://www.emeraldtoolandmold.com,AMBA
86,http://www.dramcotool.com,AMBA
87,http://www.lztool.com,AMBA
88,http://www.lawrencemoldandtool.com,AMBA
89,http://www.highdeserttool.com,AMBA
90,https://accedemold.com,AMBA
91,http://www.turningpointtool.com,AMBA
92,http://www.colonial-machine.com,AMBA
93,http://www.cosarmold.com,AMBA
94,http://www.eaglemoldcompany.com,AMBA
95,http://www.pleasantprecision.com,AMBA
96,http://www.tetramold.com,AMBA
97,http://www.tjarinnovations.com,AMBA
98,http://www.pencotool.com,AMBA
99,http://www.bussmold.com,AMBA
100,http://www.crescentind.com,AMBA
101,http://www.qualitymolderie.com,AMBA
102,http://www.rapidmoldsolutions.com,AMBA
103,http://www.jmmsinc.com,AMBA
104,http://www.utminc.com,AMBA
105,http://www.prairietool.net,AMBA
106,http://www.moldesign.com,AMBA
107,http://www.detailmold.com,AMBA
108,http://www.lowrancemachine.com,AMBA
109,http://www.schaefermold.com,AMBA
110,http://www.solution-tools.com,AMBA
111,http://www.ajtoolmfg.com,AMBA
112,http://www.apollo-tool.com,AMBA
113,http://www.carlsontool.com,AMBA
114,http://www.cdmtool.com,AMBA
115,http://www.classtd.com,AMBA
116,http://www.dsmold.com,AMBA
117,http://www.dyntool.com,AMBA
118,http://www.innovationmold.com,AMBA
119,http://www.kaysun.com,AMBA
120,http://www.mmtoolandmold.com,AMBA
121,http://www.mastertoolandmold.com,AMBA
122,https://www.maustontool.com,AMBA
123,http://www.omega-tool.com,AMBA
124,http://www.ramtoolinc.com,AMBA
125,http://www.retlawindustries.com,AMBA
126,http://www.sheridanmold.com,AMBA
127,http://www.snidermold.com,AMBA
128,http://www.stellarmold.com,AMBA
129,https://mariontool.com,LinkedIn
130,https://evanstool.com,LinkedIn
131,https://mayertool.com,LinkedIn
132,https://www.matrixtooling.com,indeed
133,https://www.questindustries.net/,indeed
134,https://www.digitaltool.com,LinkedIn
135,https://www.dynomaxinc.com,LinkedIn
136,https://www.galaxytool.com,LinkedIn
137,https://www.steelcrafttech.com,LinkedIn
138,https://www.manortool.com,LinkedIn
139,https://www.meyertool.com,LinkedIn
140,https://www.universalmetalproducts.com,LinkedIn
141,https://www.kmmgrp.com,LinkedIn
142,https://www.toolsinc.com,LinkedIn
143,https://robersontool.com/,Grok
144,https://toledometalspinning.com/,Grok
145,https://bestool.com/,Grok
146,https://apexmachine.com/,Grok
147,https://ustool.com/,Grok
148,https://phinneytool.com/,Grok
149,https://vortool.com/,Grok
150,https://precisionmold.com/,Grok
151,https://aalberstool.com/,Grok
152,https://kingsonmold.com/,Grok
153,https://gentool.com/,Grok
154,https://kuhntool.com/,Grok
155,https://mathias-die.com/,Grok
156,https://dietechnology.com/,Grok
157,https://precisiondie.com/,Grok
158,https://www.precisiondiesystems.com/,Grok
159,https://www.iqsdirectory.com/,Grok
160,https://re-strike.ca/,Grok
161,https://gliderguard.com/,Grok
162,https://www.mahutatool.com/,Grok
163,https://www.applegateedm.com/,Grok
164,https://www.etmusa.com/,Grok
165,https://www.iconmachineshop.com/,Grok
166,https://millsmachineshop.com/,Grok
167,https://www.shamrockprecision.com/,Grok
168,http://www.areatool.com/,Grok
169,http://vikingtg.com/,Grok
170,https://www.cavaliertool.com/,Grok
171,https://www.delvatool.com/,Grok
172,https://lowellinc.com/,Grok
173,https://www.accumold.com/,Grok
174,https://www.simtec-silicone.com/,Gemini
175,https://www.extrememolding.com/,Gemini
176,https://www.nobleprecision.com/,Gemini
177,https://promedpharmallc.com/,Gemini
178,https://promedmolding.com/,Gemini
179,https://www.service-mold.com/,Gemini
180,https://macfab.ca/,Gemini
181,https://www.mtdmicromolding.com,Gemini
182,https://www.tri-waymold.com,GPT deep research
183,https://twinmold.com,GPT deep research
184,https://burteckllc.com,GPT deep research
185,https://www.basilius.com,GPT deep research
186,https://www.executool.net,GPT deep research
187,https://americantoolandmold.com,GPT deep research
188,https://www.midstatemold.com,GPT deep research
189,https://www.precisetooling.info/,GPT deep research
190,https://www.advancemold.com/,GPT deep research
191,https://beaconmedtech.com,Perplexity
192,https://die-moldtool.com,Perplexity
193,https://triumphtool.com,Perplexity
194,http://precisionmoldsupplies.com,Perplexity
195,https://r-t-d.com/,Grok
196,https://reardonmachine.com/,Grok
197,https://www.burgereng.com/,Grok
198,https://www.exceltool.com/,Grok
199,https://deboertool.com/,Grok
200,https://micro-mim-usa.com/,Grok
201,https://idcwi.com/,Grok
202,https://www.rdlmachine.net/,Grok
203,https://www.hostmachineworx.com,Grok
204,https://innostrat.com,Grok
205,https://esquiremanufacturing.com,Grok
206,https://promarkmfg.ca/,Grok
207,https://www.midwest-tool-inc.com/,Grok
208,https://altoprecision.com/,Grok
209,https://momentumind.com/Default.aspx,Grok
210,https://www.pwedm.com/,Grok